SYMBOLS,NAME,FORMATION,CLASS_LITH,T_CLASS_EN,B_CLASS_EN,DESCRIP1
Air,,,,,,
Qa,Aluvial,Alluvium,Sediment: clastic: alluvium,Sedimentation: terrestrial: alluvial,Sedimentation: river,
Qac,Endapan Pantai,Coastal deposits,Sediment: clastic: alluvium,Sedimentation: river,Sedimentation: river,
Qaf,Endapan Dataran Banjir,Flood plain deposits,Sediment: clastic: fine: claystone,Sedimentation: terrestrial: alluvial,Sedimentation: terrestrial: alluvial,
Qav1,Unit batupasir,Unit Sandstone,Sediment: clastic: medium: sandstone,Sedimentation: terrestrial: fluvial,Sedimentation: terrestrial: fluvial,
Qav3,Kipas Aluvial,Alluvium Fans,Extrusive: intermediate: pyroclastic,Volcanism: subareal,Volcanism: subareal,
Qbr,Endapan punggungan pantai,Beach Ridge Deposit,Sediment: clastic: medium: sandstone,Sedimentation: littoral: beach,Sedimentation: littoral: beach,
Ql,Batugamping Terumbu,Reef Limestone,Sediment: reef: limestone,Sedimentation: transitional,Sedimentation: transitional,
Qnd,Endapan laut dangkal,Shallow marine deposite,Sediment: clastic: medium: sandstone,Sedimentation: littoral,Sedimentation: transitional,
Qoa,Aluvium Tua,Older Alluvium,Sediment: clastic: coarse: conglomerate,Sedimentation: terrestrial: fluvial,Sedimentation: terrestrial: fluvial,
Qpb1,Formasi Bojong,Bojong Formation,Sediment: clastic: fine: marl,Sedimentation: littoral,Sedimentation: littoral,
Qpvb,Tufa Banten Atas,Upper Banten Tuff,Extrusive: intermediate: pyroclastic,Volcanism: subaerial,Volcanism: subaerial,
Qsd,Swamp deposits,Swamp deposits,Sediment: clastic: fine: claystone,Sedimentation: terrestrial: fluvial,Sedimentation: terrestrial: fluvial,
QTvb1,Tuff Banten,Banten Tuff,Extrusive: intermediate: pyroclastic,Volcanism: subaerial,Volcanism: subaerial,
Qv1,Batuan gunungapi muda,Young volcanic,Extrusive: intermediate: polymict,Volcanism: subaerial,Volcanism: subaerial,
Qvas,Andesit Gunungapi Sudamanik,Andesite of Sudamanik Volcano,Extrusive: intermediate: lava,Volcanism: subareal,Volcanism: subareal,
Qvk2,Produk gunungapi Karang,Karang volcanic Product,Extrusive: intermediate: polymict,Volcanism: subaerial,Volcanism: subaerial,
Tac,Andesit G. Cabe dan Basal G. Angsana,Andesite of Cabe V. & Basalt of Angsana.,Extrusive: intermediate: lava,Volcanism: subareal,Volcanism: subareal,
Tba,Andesit bat.gunungapi Cabe dan Angsana,Andesite of Cabe volc&basalt of Angsana,Intrusive: intermediate,Plutonism: sub-volcanic,Plutonism: sub-volcanic,
Tmb1,Formasi Bojongmanik,Bojongmanik Formation,Sediment: clastic: medium: sandstone,Sedimentation: littoral,Sedimentation: transitional,
Tmj1,Formasi Jatiluhur,Jatiluhur Formation,Sediment: clastic: fine: claystone,Sedimentation: littoral,Sedimentation: littoral,
Tmk1,Formasi Klapanunggal,Klapanunggal Formation,Sediment: reef: limestone,Sedimentation: littoral: reef,Sedimentation: littoral: reef,
Tmpb1,Basal Gunungapi Dago,Basalt of Dago Volcano,Extrusive: mafic: lava,Volcanism: subaerial,Volcanism: subaerial,
Tmrs1,Formasi Rengganis,Rengganis Formation,Sediment: clastic: medium: sandstone,Sedimentation: transitional,Sedimentation: transitional,
Tpc,Formasi Cihoe,Cihoe Formation,Sediment: clastic: medium: sandstone,Sedimentation: transitional,Sedimentation: transitional,
Tpg,Formasi Serpong,Serpong Formation,Sediment: clastic: coarse: conglomerate,Sedimentation: terrestrial: fluvial,Sedimentation: terrestrial: fluvial,
Tpg1,Formasi Genteng,Genteng Formation,Extrusive: intermediate: pyroclastic,Volcanism: subareal,Volcanism: subareal,
Tpss,Formasi Serpong,Serpong Formation,Sediment: clastic: coarse: conglomerate,Sedimentation: terrestrial: fluvial,Sedimentation: terrestrial: fluvial,
a,Andesite,Andesite,Intrusive: intermediate,Plutonism: sub-volcanic,Plutonism: sub-volcanic,
Mcv,Formasi Citerem,Citerem Formation,Tectonite: ophiolite,Accretion: oceanic,Accretion: oceanic,
Mgg,Batuan Ultrabasa Gunung Beas,Gunung Beas Ultrabasic Rock,Tectonite: ophiolite,Accretion: oceanic,Accretion: oceanic,
Mgp,Batuan ultrabasa Gunung Beas,Gunung Beas  ultrabasic rock,Tectonite: ophiolite,Accretion: oceanic,Accretion: oceanic,
Mps,Sekis Pasir Luhur,Pasir Luhur Schist,Metamorphic: medium: schist,Metamorphism: regional: mid-grade,Metamorphism: regional: mid-grade,
Qb,Basal,Basalt,Intrusive: mafic,Plutonism: sub-volcanic,Plutonism: sub-volcanic,
Qbp,Basal batuan gunungapi Pinang,Basalt of Pinang Volcano,Extrusive: mafic: lava,Volcanism: subaerial,Volcanism: subaerial,
Qc,Koluvial,Colluvium,Sediment: clastic: coarse: breccia,Sedimentation: terrestrial: alluvial,Sedimentation: terrestrial: alluvial,
Qc1,Endapan Undak,Terrace deposits,Sediment: clastic: alluvium,Sedimentation: terrestrial: alluvial,Sedimentation: terrestrial: alluvial,
qd1,Diorit Kuarsa,Diorit Kuarsa,Intrusive: intermediate,Plutonism: sub-volcanic,Plutonism: sub-volcanic,
Qg,Batugamping Koral,Corraline Limestone,Sediment: Reef: limestone,Littoral,Littoral,UPPER PLEISTOCENE
Qha,Aluvial dan Endapan Koastal,Alluvium and Coastal Deposits,Sediment: clastic: alluvium,Sedimentation: terrestrial: alluvial,Sedimentation: terrestrial: alluvial,
Qhkl,Lava Muda Gunung Karang,Young Lava of Karang,Extrusive: intermediate: lava,Volcanism: subareal,Volcanism: subareal,
Qhv,Batuan Vulkanik Pandil Raung,"Raung, Pandil Volcanic Rock",Extrusive: intermediate: polymict,Volcanism: subaerial,Volcanism: subaerial,
Qhvp,Gunungapi Pesawaran,Pesawaran Volcanics,Extrusive: intermediate: polymict,Volcanism: subaerial,Volcanism: subaerial,HOLOCENE
Qhvrb,Gunungapi Rajabasa,Rajabasa Volcanics,Extrusive: intermediate: lava,Volcanism: subaerial,Volcanism: subaerial,UPPER PLEISTOCENE
Qhvse,Gunungapi Sebesi,Sebesi Volcanics,Extrusive: intermediate: polymict,Volcanism: subaerial,Volcanism: subaerial,HOLOCENE
Qk1,Kolovium,Collovium,Sediment: clastic: alluvium,Sedimentation: terrestrial: alluvial,Sedimentation: terrestrial: alluvial,
Qoa1,Aluvium Tua,Older Alluvium,Sediment: clastic: alluvium,Sedimentation: river,Sedimentation: river,
Qpa,Andesit,Andecite,Extrusive: intermediate: lava,Volcanism: subareal,Volcanism: subareal,
Qpcb,Sedimen pantai Citanglar,Cianglar beach sediment,Sediment: alluvium,Sedimentation: terrestrial: alluvial,Sedimentation: terrestrial: alluvial,
Qpd,Batuan gunungapi tua danau,Old volcanic rocks of danau,Extrusive: intermediate: lava,Volcanism: subaerial,Volcanism: subaerial,
Qpg,Batuan gunungapi Gede,Volcanic rock of Gede,Extrusive: intermediate: lava,Volcanism: subareal,Volcanism: subareal,
Qpot,Endapan Undak Tua,Old Terrase Deposits,Sediment: clastic: alluvium,Sedimentation: terrestrial: fluvial,Sedimentation: terrestrial: fluvial,
Qptb,Tufa Banten bagian bawah,Lower Banten Tuff,Extrusive: intermediate: pyroclastic,Volcanism: subareal,Volcanism: subareal,
Qpv,Gunungapi Endut,Endut Volcanic,Extrusive: intermediate: polymict,Volcanism: subareal,Volcanism: subareal,
Qpv1,Breksi Gunungapi,Volcanic Breccia,Extrusive: intermediate: polymict,Volcanism: subaerial,Volcanism: subaerial,
Qpvg,Hasil Gunungapi Gede,Volcanics Product Of Gede,Extrusive: intermediate: lava,Volcanism: subareal,Volcanism: subareal,
Qpvk1,Formasi Kalibaru,Kalibaru Formation,Extrusive: intermediate: polymict,Volcanism: subareal,Volcanism: subareal,
Qpvm,Batuan Gunungapi Marikangen,Volcanic Rock of Marikangen,Extrusive: intermediate: polymict,Volcanism: subareal,Volcanism: subareal,
Qpvp1,Batuan Gunungapi Barang dan Gedor,Volcanic Rocks Payung and Gedor,Intrusive: intermediate,Plutonism: sub-volcanic,Plutonism: sub-volcanic,
Qpyt,Endapan teras muda,Young terrace deposits,Sediment: clastic: coarse: conglomerate,Sedimentation: terrestrial: alluvial,Sedimentation: terrestrial: alluvial,
Qr,Endapan rawa danau,Swamp deposits of danau,Sediment: clastic: alluvium,Sedimentation: terrestrial: alluvial,Sedimentation: terrestrial: alluvial,
QTl,Formasi Lampung,Lampung Formation,Extrusive: intermediate: pyroclastic,Volcanism: subaerial,Volcanism: subaerial,PLIO-PLEISTOCENE
QTv1,Batuan gunungapi Payung,Payung Volcanic rock,,,,
Qv3,Batuan gunungapi kuarter,Quarternary volcanics,Extrusive: intermediate: polymict,Volcanism: subaerial,Volcanism: subaerial,
Qvb1,Breksi Gunungapi,Volcanic Breksi,Sediment: clastic: coarse: breccia,Volcanism: subaerial,Volcanism: subaerial,
Qvb3,Breksi Tapos,Tapos Breccia,Sediment: clastic: coarse: breccia,Volcanism: subareal,Volcanism: subareal,
Qvd,Batuan gunungapi muda Danau,Young volcanic rocks of danau,Extrusive: intermediate: lava,Volcanism: subaerial,Volcanism: subaerial,
Qvep,Lava Gunung  Endut-Prabakti,Gunung  Endut-Prabakti Lava,Extrusive: intermediate: lava,Volcanism: subareal,Volcanism: subareal,
Qvk3,Breksi & lava  G.Kencana & G. Limo,Breccia & lava of G.Kencana & G. Limo,Extrusive: intermediate: polymict,Volcanism: subareal,Volcanism: subareal,
Qvkl,Lava gunung Karang,Lava of Karang volcano,Extrusive: intermediate: lava,Volcanism: subareal,Volcanism: subareal,
Qvl1,Lava gunungapi,Volcanic Lava,Extrusive: intermediate: lava,Volcanism: subaerial,Volcanism: subaerial,
Qvpo,Endapan Batuan Gunungapi Tua,Older deposits,Extrusive: intermediate: polymict,Volcanism: subaerial,Volcanism: subaerial,
Qvpy,Endapan muda lahar andesit,Younger deposits andesitic lahar,Extrusive: intermediate: polymict,Volcanism: subaerial,Volcanism: subaerial,
Qvsb,Lahar,Lahar,Extrusive: mafic: polymict,Volcanism: subaerial,Volcanism: subaerial,
Qvsl1,Aliran Lava,Lava flow,Extrusive: intermediate: lava,Volcanism: subareal,Volcanism: subareal,
Qvst,Tufa batuapung pasiran,Sandy pumiceous tuff,Extrusive: intermediate: pyroclastic,Volcanism: subaerial,Volcanism: subaerial,
Qvt,Batuan Gunungapi Tua,Older Volcanic RocksTuff,Extrusive: intermediate: pyroclastic,Volcanism: subaerial,Volcanism: subaerial,
Qvtb,Tufa Banten Atas,Upper Banten Tuff,Extrusive: intermediate: pyroclastic,Volcanism: subareal,Volcanism: subareal,
Qvu2,Batuan Gunungapi tak terpisahkan,Undifferentiated volcanic rocks,Extrusive: intermediate: polymict,Volcanism: subaerial,Volcanism: subaerial,
Qyg,Endapan Breksi & Lahar Gunung Gede,Breccia & lahar deposits from G.Gede,Extrusive: intermediate: polymict,Volcanism: subareal,Volcanism: subareal,
Teb,Anggota Konglomerat,Bayah Formation,Sediment: clastic: coarse: conglomerate,Sedimentation: terrestrial: fluvial,Sedimentation: terrestrial: fluvial,
Tebm,Limestone Member,Bayah Formation,Sediment: clastic: fine: claystone,Sedimentation: littoral,Sedimentation: littoral,
Tecl,Formasi Ciletuh,Ciletuh Formation,Sediment: clastic: medium: sandstone,Sedimentation: transitional,Sedimentation: transitional,
Temv,Formasi Cikotok,Cikotok Formation,Extrusive: intermediate: lava,Volcanism: submarine,Volcanism: submarine,
Tet,Formasi Cicarucup,Cicarucup Formation,Sediment: clastic: fine: claystone,Sedimentation: neritic,Sedimentation: neritic,
Tma,Andesit,Andesite,Intrusive: intermediate,Plutonism: sub-volcanic,Plutonism: sub-volcanic,
Tmba,Formasi Bal,Bal Formation,Extrusive: intermediate: pyroclastic,Volcanism: subaerial,Volcanism: subaerial,MIDDLE MIOCENE
Tmbc,Anggota Batulempung,Bojongmanik Formation,Sediment: clastic: fine: claystone,Sedimentation: littoral,Sedimentation: littoral,
Tmbk1,Lapisan lempung Kadupandak,Bentang Formation,Sediment: clastic: fine: claystone,Sedimentation: littoral,Sedimentation: littoral,
Tmbl,Anggota Batugamping,Bojongmanik Formation,Sediment: clastic: limestone,Sedimentation: littoral,Sedimentation: littoral,
Tmbl1,Bagian bawah Formasi Bentang,Lower part of Bentang Formation,Sediment: clastic: medium: sandstone,Sedimentation: littoral,Sedimentation: littoral,
Tmbs1,Anggota Batupasir,Bojongmanik Formation,Sediment: clastic: medium: sandstone,Sedimentation: littoral: tidal flat,Sedimentasi: transition,
Tmbu,Bagian Atas formasi bentang,Bentang Formation,Sediment: clastic: fine,Sedimentation: littoral,Sedimentation: littoral,
Tmbv,Formasi Beser,Beser Formation,Extrusive: intermediate: polymict,Volcanism: subareal,Volcanism: subareal,
Tmc,Formasi Cimapag,Cimapag Formation,Sediment: clastic: coarse: breccia,Volcanism: subareal,Volcanism: subareal,
Tmc1,Formasi Cikancana,Cikancana Formation,Sediment: clastic: coarse: breccia,Volcanism: subareal,Volcanism: subareal,
Tmcb,Anggota Bojonglopang,Cimandiri Formation,Sediment: reef: limestone,Sedimentation: littoral,Sedimentation: littoral,
Tmcd,Dasit Ciomas,Ciomas Dacite,Intrusive: felsic,Plutonism: sub-volcanic,Plutonism: sub-volcanic,
Tmci,Formasi Cibodas,Cibodas Formation,Sediment: clastic: limestone,Sedimentation: littoral,Sedimentation: littoral,
Tmck,Anggota Batulempung,Cimapag Formation,Sediment: clastic: fine: claystone,Sedimentation: littoral,Sedimentation: littoral,
Tmcl1,Anggota Batugamping,Cimapag Formation,Sediment: clastic: limestone,Sedimentation: littoral,Sedimentation: littoral,
Tmcm,Formasi Cimandiri,Cimandiri Formation,Sediment: clastic: medium: sandstone,Sedimentation: littoral,Sedimentation: littoral,
Tmcs1,Porfir Cilegok,Cilegok Porphiry,Intrusive: intermediate,Plutonism: sub-volcanic,Plutonism: sub-volcanic,
Tmd1,Formasi Badui,Badui Formation,Sediment: clastic: coarse: conglomerate,Sedimentation: littoral,Sedimentation: terrestrial: fluvial,
Tmda,Dasit,Dacite,Intrusive: felsic,Plutonism: sub-volcanic,Plutonism: sub-volcanic,
Tmda1,Dasit,Dacite,Intrusive: felsic,Plutonism: sub-volcanic,Plutonism: sub-volcanic,
Tmdi,Anggota Batugamping,Badui Formation,Sediment: clastic: medium: limestone,Sedimentation: littoral,Sedimentation: littoral,
Tmgr,Granit,Granite,Intrusive: felsic: granitoid,Plutonism: sub-volcanic,Plutonism: sub-volcanic,MIOCENE
Tmh,Formasi Honje,Honje Formation,Extrusive: intermediate: polymict,Volcanism: subareal,Volcanism: subareal,
Tmja,Anggota Ciseureuh,Jampang Formation,Extrusive: intermediate: lava,Volcanism: subareal,Volcanism: subareal,
Tmjc,Anggota Cikarang,Jampang Formation,Sediment: clastic: fine: claystone,Sedimentation: transitional,Sedimentation: transitional,
Tmjt,Anggota Tuf dan Breksi,Jampang Formation,Extrusive: intermediate: pyroclastic,Volcanism: subareal,Volcanism: subareal,
Tmjv,Formasi Jampang,Jampang Formation,Extrusive: intermediate: lava,Volcanism: subaerial,Volcanism: subareal,
Tmkt,Tufa Cikasungka,Cikasungka Tuff,Extrusive: intermediate: pyroclastic,Volcanism: subareal,Volcanism: subareal,
Tml,Formasi Lengkong,Lengkong Formation,Sediment: clastic: fine: marl,Sedimentation: littoral,Sedimentation: littoral,
Tmle,Formasi Lengkong,Lengkong Formation,Sediment: clastic: medium: sandstone,Sedimentation: littoral,Sedimentation: littoral,
Tmn,Formasi Nyalindung,Nyalindung Formation,Sediment: clastic: medium: sandstone,Sedimentation: littoral,Sedimentation: littoral,
Tmnl,Anggota Batugamping,Nyalindung Formation,Sediment: clastic: medium: limestone,Sedimentation: littoral,Sedimentation: littoral,
Tmpk2,Formasi Kantur,Kantur Formation,Sediment: clastic: fine: claystone,Sedimentation: terrestrial: fluvial,Sedimentation: terrestrial: fluvial,MIOCENE-PLIOCENE
Tmps4,Formasi Surungbatang,Surungbatang Formation,Extrusive: intermediate: pyroclastic,Volcanism: subaerial,Volcanism: subaerial,MIOCENE-PLIOCENE
Tmqd,Diorit Kuarsa,Quartz Diorite,Intrusive: intermediate,Plutonism: sub-volcanic,Plutonism: sub-volcanic,
Tms1,Anggota Batulempung,Sareweh Formation,Sediment: clastic: fine: claystone,Sedimentation: littoral,Sedimentation: littoral,
Tmsl,Anggota Batugamping,Sareweh Formation,Sediment: clastic: medium: limestone,Sedimentation: littoral,Sedimentation: littoral,
Tmt,Anggota Tuf,Citarete Formation,Extrusive: intermediate: pyroclastic,Volcanism: subareal,Volcanism: subareal,
Tmtb,Tufa dan breksi,Tuff and breccia,Extrusive: intermediate: pyroclastic,Volcanism: subareal,Volcanism: subareal,
Tmtl,Anggota Batugamping,Citarete Formation,Sediment: clastic: medium: limestone,Sedimentation: littoral,Sedimentation: littoral,
Toj,Anggota Batupasir,Cijengkol Formation,Sediment: clastic: medium: sandstone,Sedimentation: littoral,Sedimentation: littoral,
Tojl,Anggota Batugamping,Cijengkol Formation,Sediment: clastic: limestone,Sedimentation: littoral,Sedimentation: neritic,
Tojm,Anggota napal,Cijengkol Formation,Sediment: clastic: fine: marl,Sedimentation: littoral,Sedimentation: neritic,
Tomg,Granodiorit Cihara,Cihara Granodiorite,"Intrusime: felsic, granitoid",Plutonism: sub-volcanic,Plutonism: sub-volcanic,
Tomh,Formasi Hulusimpang,Hulusimpang Formation,Extrusive: intermediate: polymict,Volcanism: submarine,Volcanism: submarine,OLIGO-MIOCENE
Toml,Anggota Batugamping,Rajamandala Formation,Sediment: reef: limestone,Sedimentation: littoral: reef,Sedimentation: littoral: reef,
Tomm,Batuan Malihan,Metamorphic Rock,Metamorphic: medium: schist,Metamorphism: regional: mid-grade,Metamorphism: regional: mid-grade,
Tomr,Formasi Rajamandala,Rajamandala Formation,Sediment: clastic: fine: marl,Sedimentation: neritic,Sedimentation: neritic,
Torm,Formasi Rajamandala,Rajamandala Formation,Sediment: clastic: coarse: conglomerate,Sedimentation: terrestrial: fluvial,Sedimentation: terrestrial: fluvial,
Tow,Formasi Walat,Walet Formation,Sediment: clastic: medium: sandstone,Sedimentation: terrestrial: fluvial: bar,Sedimentation: terrestrial: fluvial: deltaic,
Tpa2,Andesit,Andesite,Extrusive: intermediate: polymict,Volcanism: subareal,Volcanism: subareal,
Tpc2,Formasi Cipacar,Cipacar Formation,Extrusive: intermediate: pyroclastic,Volcanism: subareal,Volcanism: subareal,
Tpm,Formasi Cimanceuri,Cimanceuri Formation,Sediment: clastic: coarse: conglomerate,Sedimentation: transitional,Sedimentation: transitional,
Tpmt,Tufa malimping,Malimping Tuff,Extrusive: intermediate: pyroclastic,Volcanism: subareal,Volcanism: subareal,
Tpot,Formasi Tarahan,Tarahan Formation,Extrusive: intermediate: pyroclastic,Volcanism: subaerial,Volcanism: subaerial,PALEOCENE
Tpr,Formasi Ciramea,Ciramea Formation,Sediment: clastic: medium: sandstone,Sedimentation: terrestrial: fluvial,Sedimentation: terrestrial: fluvial,
Tpv,Tufa Citorek,Citorek Tuff,,,,
Tpv2,Breksi Tufaan,Tuffaceous Breccia,Extrusive: intermediate: polymict,Volcanism: subareal,Volcanism: subareal,
,,,,,,
ab,Andesit dan Basalt,Andesite & Basalt,Extrusive: intermediate: lava,Volcanism: subareal,Volcanism: subareal,
b1,Unit Basal,Basalt unit,Extrusive: mafic: lava,Volcanism: subaerial,Volcanism: subaerial,
d,Kubah dan aliran lava,Lava dome and flow,Extrusive: intermediate: lava,Volcanism: subareal,Volcanism: subareal,
ha,Andesit horenblenda,Hornblende andesite,Intrusive: intermediate,Plutonism: sub-volcanic,Plutonism: sub-volcanic,
ha1,Andesit Horenblenda,Hornblende andesite,Intrusive: intermediate,Plutonism: sub-volcanic,Plutonism: sub-volcanic,
hya,Andesit Hipersten,Hyperstene Andesite,Intrusive: intermediate,Plutonism: sub-volcanic,Plutonism: sub-volcanic,
ma,Mangerite,Mangerite,Intrusive: mafic,Volcanism: subaerial,Volcanism: subaerial,
Md,Formasi Jampang,Jampang Formation,Sediment: clastic: medium: sandstone,Sedimentation: transitional,Sedimentation: transitional,
Mdl,Anggota Batugamping,Jatiluhur Formation,Sediment: reef: limestone,Sedimentation: littoral: reef,Sedimentation: littoral: reef,
Mdm,Anggota napal dan batupasir kuarsa,Jatiluhur Formation,Sediment: clastic: fine: marl,Sedimentation: littoral,Sedimentation: neritic,
Mdq,Anggota Batupasir Kuarsa,Jatiluhur Formation,Sediment: clastic: medium: sandstone,Sedimentation: terrestrial: fluvial: deltaic,Sedimentation: terrestrial: fluvial: deltaic,
Msb,Anggota Breksi,Subang Formation,Sediment: clastic: coarse: breccia,Sedimentation: terrestrial: fluvial,Sedimentation: terrestrial: fluvial,
Msc,Anggota Batulempung,Subang Formation,Sediment: clastic: fine: claystone,Sedimentation: littoral,Sedimentation: littoral,
Mss,Anggota Batupasir,Subang Formation,Sediment: clastic: medium: sandstone,Sedimentation: terrestrial: fluvial,Sedimentation: terrestrial: fluvial,
Mt,"Tufa batuapung, batupasir tufan","Pumice Tuff, Tuffaceous Sandstone",Sediment: clastic: coarse: breccia,Volcanism: subareal,Volcanism: subareal,
Mtb,Anggota Breksi & Batupasir,Citarum Formation,Sediment: clastic: coarse: breccia,Sedimentation: terrestrial: fluvial,Sedimentation: terrestrial: fluvial,
Mtjl,Formasi Cilanang,Cilanang Formation,Sediment: clastic: fine: marl,Sedimentation: littoral,Sedimentation: littoral,
Mtjs,Anggota Batupasir,Cilanang Formation,Sediment: clastic: medium: sandstone,Sedimentation: littoral,Sedimentation: littoral,
Mts,Anggota Batupasir-Batulanau,Citarum Formation,Sediment: clastic: medium: sandstone,Sedimentation: neritic,Sedimentation: neritic,
Mttb,Anggota Breksi,Cantayam Formation,Sediment: clastic: coarse: breccia,Sedimentation: terrestrial: fluvial,Sedimentation: terrestrial: fluvial,
Mttc,Anggota Batulempung,Cantayan Formation,Sediment: clastic: fine: claystone,Sedimentation: transitional,Sedimentation: transitional,
Mtts,Cantayan,Cantayan,Sediment: clastic: medium: sandstone,Sedimentation: terrestrial: fluvial,Sedimentation: terrestrial: fluvial,
Omc,"Anggota lempung, napal, batupasir kuarsa",Jatiluhur Formation,Sediment: clastic: fine: claystone,Sedimentation: littoral,Sedimentation: littoral,
Oml,Anggota Batugamping,Jatiluhur Formation,Sediment: reef: limestone,Sedimentation: littoral: reef,Sedimentation: littoral: reef,
Pb,Breksi Tufaan,Tuffaceous breccia,Sediment: clastic: coarse: breccia,Volcanism: subareal,Volcanism: subareal,
Pk,Formasi Kaliwangu,Formasi Kaliwangu,Sediment: clastic: medium: sandstone,Sedimentation: transitional,Sedimentation: transitional,
Pl,Lava Andesit,Andesite lava,Extrusive: intermediate: lava,Volcanism: subareal,Volcanism: subareal,
Pt,Formasi Cilanang,Cilanang Formation,Sediment: clastic: fine: marl,Sedimentation: transitional,Sedimentation: transitional,
Q,Batuan Terobosan,Intrusive Rocks,Intrusive: mafic,Plutonism: sub-volcanic,Plutonism: sub-volcanic,
Qad,Endapan Delta,Deltaic deposits,Sediment: clastic: alluvium,Sedimentation: river,Sedimentation: river,
Qal,Aluvial dan endapan koastal,Alluvium and Coastal Deposits,Sediment: clastic: alluvium,Sedimentation: littoral: beach,Sedimentation: terrestrial: fluvial,
Qav2,Batupasir tufaan dan konglomerat,Tuffaceous sandstone & Conglomerate,Sedimen: klastika: Sedang: Batupasir,Sedimentasi: darat:fluviatil,Sedimentasi: darat: fluvial,
Qf,Kipas Aluvial,Alluvial Fan,Sediment: clastic: alluvium,Sedimentation: terrestrial: alluvial,Sedimentation: terrestrial: alluvial,
Qgpk,Batuan Gapi Guntur-Pangkalan dan Kendang,Guntur-Pangkalan and Kendang Volcanics,Extrusive: intermediate: pyroclastic,Volcanism: subareal,Volcanism: subareal,
Qhg,Lava Guntur,Guntur Lava,Extrusive: mafic: lava,Volcanism: subareal,Volcanism: subareal,
Qhp,Eflata Gunungapi Papandayan,Efflata Papandayan Volcanic,Extrusive: intermediate: pyroclastic,Volcanism: subareal,Volcanism: subareal,
Qht,Talus and Endapan Longsoran,Talus and Landslide Deposits,Sediment: clastic: alluvium,Sedimentation: terrestrial: alluvial,Sedimentation: terrestrial: alluvial,
Qlc,Endapan lahar Cipedak,Cipedak Lahar Deposits,Extrusive: intermediate: pyroclastic,Volcanism: subareal,Volcanism: subareal,
Qls,Produk batuan erupsi tua Slamet,Old eruption product of Slamet,Extrusive: intermediate: polymict,Volcanism: subaerial,Volcanism: subaerial,
Qls1,Endapan Lahar G. Slamet,Laharic Deposits of G. Slamet,,,,
Qmm,Gunungapi Mandalawangi-Mandalagiri,Mandalawangi-Mandalagiri volcanics,Extrusive: intermediate: polymict,Volcanism: subareal,Volcanism: subareal,
Qmt,Gunungapi Malabar-Tilu,Malabar-Tilu Volcanics,Extrusive: intermediate: pyroclastic,Volcanism: subareal,Volcanism: subareal,
Qob,Produk gunungapi tua,Older Volcanic Products,Extrusive: intermediate: polymict,Volcanism: subaerial,Volcanism: subaerial,
Qob1,Breksi Terlipat,Folded breccia,Sediment: clastic: coarse: breccia,Volcanism: subareal,Volcanism: subareal,
Qol,Unit lempung tufaan,Tuffaceous clay unit,Sediment: clastic: fine: claystone,Sedimentation: terrestrial: fluvial,Sedimentation: terrestrial: fluvial,
Qopu,Endapan efflata gunungapi tua,Efflata deposits of old volcanic,Extrusive: mafic: pyroclastic,Volcanism: subaerial,Volcanism: subaerial,
Qos1,Batupasir Tufaan,Tuffaceous sandstone,Sediment: clastic: medium: sandstone,Sedimentation: terrestrial: fluvial,Sedimentation: terrestrial: fluvial,
Qot,Produk Gunungapi tua,Old VolcanicProduct,Extrusive: intermediate: polymict,Volcanism: subaerial,Volcanism: subaerial,
Qpb2,Tuff batuapung dan breksi,Pumiceous tuff and breccia,Extrusive: intermediate: pyroclastic,Volcanism: subaerial,Volcanism: subaerial,
Qpg1,Formasi Gintung,Gintung Formation,Sediment: clastic: fine: claystone,Sedimentation: transitional,Sedimentation: transitional,
Qpl2,Formasi Linggopodo,Linggopodo Formation,Extrusive: intermediate: pyroclastic,Volcanism: subaerial,Volcanism: subaerial,
Qpm,Formasi Mengger,Mengger Formation,Extrusive: intermediate: pyroclastic,Volcanism: subareal,Volcanism: subareal,
Qsu,Batuan Gunungapi Sangianganjung,Sangianganjung Volcanic,Extrusive: mafic: polymict,Volcanism: subaerial,Volcanism: subaerial,
Qt,Teras Sungai,River Terrace,Sediment: clastic: alluvium,Sedimentation: terrestrial: fluvial,Sedimentation: terrestrial: fluvial,
Qt1,Endapan Undak dan Danau,Terrace and Lake Deposits,,,,
Qt4,Endapan Undak,Terrace deposits,Sediment: clastic: medium: sandstone,Sedimentation: littoral,Sedimentation: littoral,
Qtl,,,,,,
QTug,Hasil Gunungapi Tua,Old Volcanic Product,Extrusive: intermediate: lava,Volcanism: subareal,Volcanism: subareal,
QTv,Endapan Piroklastika,Endapan Piroklastika,Batuan ekstrusi: menegnah: piroklastik,Gunung api: subaerial,Gunung api: subaerial,
QTv2,Endapan Gunungapi Muda,Young volcanic deposits,Extrusive: intermediate: pyroclastic,Volcanism: subaerial,Volcanism: subaerial,
QTvb,Breksi Hasil Batuan Gunungapi Tua,Old volcanic product - breccia,Extrusive: intermediate: pyroclastic,Volcanism: subaerial,Volcanism: subaerial,
QTvc,Hasil Gunungapi Tua,Older Volcanics,Extrusive: mafic: pyroclastic,Volcanism: subareal,Volcanism: subareal,
QTvk,Hasil Gunungapi Tua,Older Volcanics,Extrusive: intermediate: pyroclastic,Volcanism: subareal,Volcanism: subareal,
QTvs,Hasil Gunungapi Tua,Older Volcanics,Extrusive: intermediate: pyroclastic,Volcanism: subareal,Volcanism: subareal,
Qv2,Lava dan Lahar G. Patuha,Lava and Lahar of Mount Patuha,Extrusive: intermediate: lava,Volcanism: subaerial,Volcanism: subaerial,
Qvb2,Breksi Produk Batuan GunungapiTua,Old volcanic products breccia,Sediment: clastic: coarse: breccia,Volcanism: subaerial,Volcanism: subaerial,
Qvb4,Breksi Gunungapi Galunggung,Galunggung volcanic breccia,Sediment: clastic: coarse: breccia,Volcanism: subareal,Volcanism: subareal,
Qvba,Aliran lava basal G. Gegerbentang,Basalt lava flow of G. Gegerbentang,Extrusive: intermediate: polymict,Volcanism: subaerial,Volcanism: subaerial,
Qvg1,Hasil  gunungapi Muda,Younger volcanic,Extrusive: intermediate: polymict,Volcanism: subaerial,Volcanism: subaerial,
Qvgl,Aliran Lava berkomposisi basaltik-andesi,"Lava flow, basaltic andesitic in composi",Extrusive: intermediate: lava,Volcanism: subareal,Volcanism: subareal,
Qvgy,Aliran Lava Termuda,Youngest Lava Termuda,Extrusive: intermediate: lava,Volcanism: subareal,Volcanism: subareal,
Qvk1,Kompleks Breksi Kromong,Kromong complex breccia,Extrusive: intermediate: polymict,Volcanism: subaerial,Volcanism: subaerial,
Qvl2,Lava hasil batuan gunungapi tua,Old volcanic product - Lava,Extrusive: intermediate: lava,Volcanism: subaerial,Volcanism: subaerial,
Qvr,Produk gunungapi muda Careme,Younger volcanic products of careme,Extrusive: intermediate: polymict,Volcanism: subaerial,Volcanism: subaerial,
Qvs1,Bat.Gunungapi Slamet tdk terdiferensiasi,Undifferentiated volcanics of G. Slamet,Extrusive: intermediate: polymict,Volcanism: subaerial,Volcanism: subaerial,
Qvt1,Batuan gunungapi muda,Younger volcanic,Extrusive: intermediate: pyroclastic,Volcanism: subaerial,Volcanism: subaerial,
Qvu,Produk Gunungapi tua tak teruaraikan,Old volcanic product,Extrusive: intermediate: pyroclastic,Volcanism: subaerial,Volcanism: subaerial,
Qvu1,Batuan gunungapi muda,Younger volcanic,Extrusive: intermediate: polymict,Volcanism: subaerial,Volcanism: subaerial,
Qvyu,Produk erupsi muda Ciremai,Young eruption product of Ciremai,Extrusive: intermediate: pyroclastic,Volcanism: subaerial,Volcanism: subaerial,
Qwb,Waringin-Bedil Andesit,Waringin-Bedil Andesite,Extrusive: intermediate: pyroclastic,Volcanism: subaerial,Volcanism: subaerial,
Qy,Batuan Gunungapi Muda,Young Volcanics,Extrusive: intermediate: lava,Volcanism: subareal,Volcanism: subareal,
Qyb,Breksi & Aglomerat,Breccia & Agglomerate,Sediment: clastic: coarse: breccia,Volcanism: subareal,Volcanism: subareal,
Qyc,Batuan gunungapi muda,Volcanic rocks,Extrusive: intermediate: lava,Volcanism: subaerial,Volcanism: subaerial,
Qyd,Tufa pasiran,Sandy Tuff,Extrusive: intermediate: pyroclastic,Volcanism: subaerial,Volcanism: subaerial,
Qyl,Lava,Lava,Extrusive: intermediate: lava,Volcanism: subareal,Volcanism: subareal,
Qypu,Endapan Rempah Lepas G Muda Tak Terurai,Undifferent. Efflata Dep. of Young Volc.,Extrusive: intermediate: polymict,Volcanism: subareal,Volcanism: subareal,
Qyt,Tuff berbatuapung,Pumiceous tuff,Extrusive: intermediate: pyroclastic,Volcanism: subaerial,Volcanism: subaerial,
Qyu,Produk Gunungapi Muda,Young Volcanic product,Extrusive: intermediate: pyroclastic,Volcanism: subaerial,Volcanism: subaerial,
Qyw,Batuan gunungapi Muda,Young volcanics,Extrusive: intermediate: lava,Volcanism: subaerial,Volcanism: subaerial,
sh,Sosonite,Shosonite,Intrusive: intermediate,Plutonism: sub-volcanic,Plutonism: sub-volcanic,
Tgd,Granodiorit,Granodiorite,Intrusive: felsic,Plutonism: sub-volcanic,Plutonism: sub-volcanic,
Tm,Batuan beku tak teruraikan,Undifferentiated Igneous rock,Extrusive: intermediate: polymict,Volcanism: subareal,Volcanism: subareal,
Tmb,Formasi Bulu,Bulu Formation,Sediment: clastic: limestone,Sedimentation: littoral,Sedimentation: littoral,
Tmb2,Formasi Bentang,Bentang Formation,Sediment: clastic: medium: sandstone,Sedimentation: littoral,Sedimentation: littoral,
Tmb3,Formasi Beser,Besser Formation,Extrusive: intermediate: polymict,Volcanism: subareal,Volcanism: subareal,
Tmbe,Formasi Bentang,Bentang Formation,Sediment: clastic: medium: sandstone,Sedimentation: littoral,Sedimentation: littoral,
Tmbk,Anggota Kadupandak,Bentang Formation,Sediment: clastic: fine: claystone,Sedimentation: littoral,Sedimentation: littoral,
Tmbo,Formasi Bojonglopang,Bojonglopang Formation,Sediment: clastic: limestone,Sedimentation: littoral,Sedimentation: littoral,
Tmbs,Anggota Sukaraja,Bentang  Formation,Sediment: reef: limestone,Sedimentation: littoral,Sedimentation: littoral,
Tmc3,Formasi Cimandiri,Cimandiri Formation,Sediment: clastic: medium: flysch,Sedimentation: littoral,Sedimentation: neritic,
Tmcb1,Anggota Breksi,Cantayan Formation,Sediment: clastic: coarse: breccia,Sedimentation: transitional,Sedimentation: transitional,
Tmcs,Anggota Sindangkerta,Cimandiri Formation,Extrusive: intermediate: pyroclastic,Volcanism: subareal,Volcanism: subareal,
Tmdi1,Diorit,Diorite,Intrusive: intermediate,Plutonism: sub-volcanic,Plutonism: sub-volcanic,
Tmhl,Anggota Bawah dari Formasi Halang,Halang Formation,Sediment: clastic: coarse: breccia,Volcanism: subareal,Volcanism: subareal,
Tmhs,Anggota Batupasir,Halang Formation,Sediment: clastic: medium: sandstone,Sedimentation: littoral,Sedimentation: neritic,
Tmhu,Anggota atas Halang,Upper Member of Halang,Sediment: clastic: medium: sandstone,Sedimentation: transitional,Sedimentation: transitional,
Tmi2,Diorit kuarsa,Quartz diorite,Intrusive: intermediate,Plutonism: sub-volcanic,Plutonism: sub-volcanic,
Tmjg,Anggota Genteng,Jampang Formation,Extrusive: intermediate: pyroclastic,Volcanism: subareal,Volcanism: subareal,
Tmjp,Anggota Pasirgambang,Jatiluur Formation,Sediment: clastic: medium: sandstone,Sedimentation: littoral,Sedimentation: littoral,
Tmk2,Formasi Koleberes,Koleberes Formation,Sediment: clastic: medium: sandstone,Sedimentation: littoral,Sedimentation: littoral,
Tmkl,Formasi Kalipucang,Kalipucang Formation,,,,
Tmkl1,Batugamping komplek Kromong,Limestone of Kromong complex,,,,
Tml2,Formasi Lawak,Lawak Formation,Sediment: clastic: fine: marl,Sedimentation: littoral,Sedimentation: littoral,
Tmnt,Formasi Nusakambangan,Nusakambangan Formation,Extrusive: intermediate: pyroclastic,Volcanism: subareal,Volcanism: subareal,
Tmp,Formasi Parigi,Parigi Formation,Sediment: clastic: medium: limestone,Sedimentation: littoral,Sedimentation: littoral,
Tmp1,Formasi Pemali,Pemali Formation,Sediment: clastic: fine: marl,Sedimentation: neritic,Sedimentation: neritic,
Tmp3,Formasi Penosogan,Penosogan Formation,Sediment: clastic: medium: flysch,Sedimentation: neritic,Sedimentation: neritic,
Tmpa,Formasi Pamutuan,Pamutuan Formation,Sediment: clastic: medium: sandstone,Sedimentation: littoral,Sedimentation: littoral,
Tmpb2,Formasi Bentang,Bentang Formation,Sediment: clastic: medium: sandstone,Sedimentation: littoral,Sedimentation: transitional,
Tmph,Formasi Halang,Halang Formation,Sediment: clastic: medium: flysch,Sedimentation: neritic,Sedimentation: neritic,
Tmphl,Anggota Lebakwangi,Halang Formation,Sediment: reef: limestone,Sedimentation: littoral,Sedimentation: littoral,
Tmpk,Formasi Kumbang,Kumbang Formation,Sediment: clastic: coarse: breccia,Volcanism: subareal,Volcanism: subareal,
Tmpt,Anggota tufa napalan,Pamutuan Formation,Sediment: clastic: fine: marl,Sedimentation: littoral,Sedimentation: littoral,
Tmr,Formasi Rambatan,Rambatan Formation,Sediment: clastic: medium: flysch,Sedimentation: neritic,Sedimentation: neritic,
Tms2,Anggota Batulempung,Subang Formation,Sediment: clastic: fine: claystone,Sedimentation: littoral,Sedimentation: littoral,
Tms5,Formasi Subang,Subang Formation,,,,
Tmst,Anggota Tanjakan Pacol,Subang Formation,Sediment: clastic: medium: sandstone,Sedimentation: littoral,Sedimentation: transitional,
Tomcl,Anggota Batupasir,Cinambo Formation,Sediment: clastic: medium: sandstone,Sedimentation: neritic,Sedimentation: neritic,
Tomcu,Anggota Serpih,Cinombo Formation,Sediment: clastic: fine: shale,Sedimentation: neritic,Sedimentation: neritic,
Tomj,Formasi Jampang,Jampang Formation,Extrusive: intermediate: polymict,Volcanism: subaerial,Volcanism: subaerial,
Tomj1,Formasi Jampang,Jampang Formation,Extrusive: intermediate: lava,Volcanism: subareal,Volcanism: subareal,
Tomj2,Formasi Jampang,Jampang Formation,Extrusive: intermediate: polymict,Volcanism: subareal,Volcanism: subareal,
Tpa,Andesit Piroksen,Pyroxene Andesitic,Intrusive: intermediate,Plutonism: sub-volcanic,Plutonism: sub-volcanic,
Tpa1,Andesit,Andesite,Extrusive: intermediate: lava,Plutonism: sub-volcanic,Plutonism: sub-volcanic,
Tpb1,Formasi Kalibiuk,Kalibiuk Formation,Sediment: clastic: fine: marl,Sedimentation: transitional,Sedimentation: transitional,
Tpc1,Formasi Citalang,Citalang Formation,,,,
Tpc3,Formasi Cihoe,Cihoe Formation,Extrusive: intermediate: pyroclastic,Volcanism: subareal,Volcanism: subareal,
Tpc4,Formasi Cijulang,Cijulang Formation,Extrusive: intermediate: polymict,Volcanism: subareal,Volcanism: subareal,
Tpch,Formasi Ciherang,Ciherang Formation,Extrusive: intermediate: polymix,Volcanism: subareal,Volcanism: subareal,
Tpcl,Formasi Cijulang,Cijulang Formation,Sediment: clastic: coarse: conglomerate,Sedimentation: terrestrial: fluvial,Sedimentation: terrestrial: fluvial,
Tpg2,Formasi Kaliglagah,Kaliglagah Formation,Sediment: clastic: medium: sandstone,Sedimentation: transitional,Sedimentation: transitional,
Tpi,Andesit,Andesite,Intrusive: intermediate,Plutonism: sub-volcanic,Plutonism: sub-volcanic,
Tpk,Formasi Kaliwangu,Kaliwangu Formation,Sediment: clastic: fine: claystone,Sedimentation: transitional,Sedimentation: transitional,
Tpks,Formasi Kumbang,Kumbang Formation,Sediment: clastic: coarse: breccia,Sedimentation: terrestrial: alluvial,Sedimentation: terrestrial: alluvial,
Tpkw,Formasi Kaliwangu,Kaliwangu Formation,Sediment: clastic: fine: claystone,Sedimentation: neritic,Sedimentation: neritic,
Tpt,Formasi Tapak,Tapak Formation,Sediment: clastic: medium: sandstone,Sedimentation: transitional,Sedimentation: transitional,
Tpv1,Anggota tufa dan breksi,Formasi Jampang,Formasi Jampang,,,
vi,Vitrophyres,Vitrophyres,Intrusive: mafic,Plutonism: sub-volcanic,Plutonism: sub-volcanic,
a1,Andesit,Andesite,Intrusive: intermediate,Plutonism: sub-volcanic,Plutonism: sub-volcanic,
d1,Kubah Lava dan Leleran,Lava Dome and Flow,Extrusive: intermediate: lava,Volcanism: subareal,Volcanism: subareal,
da,Dasit,Dacite,Extrusive: intermediate: lava,Volcanism: subareal,Volcanism: subareal,
Km,Sekis dan Filit,Schist and Phylite,Metamorphic: medium: schist,Metamorphism: regional: mid-grade,Metamorphism: regional: mid-grade,
Kobe,Basal dan Rijang,Basalt and Chert,Tectonite: melange,Accretion: oceanic,Accretion: oceanic,
Kog,Mafik dan Ultramafik,Mafics and Ultramafic,Tectonite: ophiolite,Accretion: oceanic,Accretion: oceanic,
Kose,Serpentinit,Serpentinite,Tectonite: ophiolite,Accretion: oceanic,Accretion: oceanic,
KTl,Komplek Lok Ulo,Lok Ulo Complex,Tectonite: melange,Accretion: oceanic,Accretion: oceanic,
KTm,Batuan terbreksikan,Brecciated Rocks,Tectonite: melange,Accretion: oceanic,Accretion: oceanic,
KTm1,Batuan Malihan,Metamorphic rock,Metamorphic: medium: schist,Metamorphism: regional: mid-grade,Metamorphism: regional: mid-grade,
KTs,Batupasir Grewake,Greywacke,Sediment: clastic: medium: sandstone,Sedimentation: littoral,Sedimentation: littoral,
na,Endapan Longsoran (Ladu) dari Awan Panas,Avalanche Dep. (Ladus) From NueeArdente.,Extrusive: intermediate: polymict,Volcanism: subareal,Volcanism: subareal,
pTk,Formasi Karimunjawa,Karimunjawa Formation,Sediment: clastic: medium: sandstone,Sedimentation: terrestrial: fluvial,Sedimentation: terrestrial: fluvial,
Qaf2,Endapan Kipas Aluvial,Alluvial fan deposits,Sediment: clastic: medium: sandstone,Sedimentation: terrestrial: alluvial,Sedimentation: terrestrial: alluvial,
Qak,Batuan Vulkanik Andong dan Kendil,Andong & Kendil Volcanics,Extrusive: intermediate: polymict,Volcanism: subareal,Volcanism: subareal,
Qas1,Morponit Sedudo,Sedudo Morphonite,Extrusive: intermediate: lava,Volcanism: subareal,Volcanism: subareal,
Qav,Morfoset Argohalangan,Argohalangan Morphocet,Extrusive: intermediate: polymict,Volcanism: subareal,Volcanism: subareal,
Qb1,Breksi Gunungapi,Volcanic breccia,Extrusive: intermediate: polymict,Volcanism: subaerial,Volcanism: subaerial,
Qb2,Formasi Baturetno,Baturetno Formation,Sediment: clastic: fine: claystone,Sedimentation: terrestrial: fluvial,Sedimentation: terrestrial: fluvial,
Qba,Basal,Basalt,Intrusive: mafic,Plutonism: sub-volcanic,Plutonism: sub-volcanic,
Qcc,Endapan Kerucut Abu,Cindercone ash deposits,Extrusive: felsic: pyroclastic,Volcanism: subareal,Volcanism: subareal,
Qco,Batuan gunungapi Condong,Condong volcanic,Extrusive: intermediate: pyroclastic,Volcanism: subareal,Volcanism: subareal,
Qdm,Batuan Gunungapi Dieng,Dieng Volcanics,Extrusive: intermediate: lava,Volcanism: subareal,Volcanism: subareal,
Qdo,Batuan gunungapi Dieng,Dieng Volcanics,Extrusive: intermediate: lava,Volcanism: subareal,Volcanism: subareal,
Qdy,Batuan Gunungapi Dieng,Dieng Volcanics,Extrusive: intermediate: lava,Volcanism: subareal,Volcanism: subareal,
Qgi,Gunungapi Gianti,Gianti Volcanics,Extrusive: intermediate: lava,Volcanism: subareal,Volcanism: subareal,
Qhg1,Batuan gunungapi Gajah mungkur,Gajah mungkur volcanic rock,Extrusive: intermediate: lava,Volcanism: subareal,Volcanism: subareal,
Qj,Morposet Patukbanteng-Jeding,Patukbanteng-Jeding Morphocet,,,,
Qjd,Morfonit Dangean,Dangean Morfonite,Extrusive: intermediate: polymict,Volcanism: subaerial,Volcanism: subaerial,
Qjm,Batuan Gunungapi Jembangan,Jembangan Volcanics,Extrusive: intermediate: lava,Volcanism: subareal,Volcanism: subareal,
Qjma,Batuan Gunungapi Jembangan,Jembangan Volcanics,Extrusive: intermediate: polymict,Volcanism: subareal,Volcanism: subareal,
Qjmf,Batuan Gunungapi Jembangan,Jembangan Volcanics,Extrusive: intermediate: lava,Volcanism: subareal,Volcanism: subareal,
Qjn,Morfonit Ngebel,Ngebel Morfonite,Extrusive: intermediate: polymict,Volcanism: subaerial,Volcanism: subaerial,
Qjo,Batuan Gunungapi Jembangan,Jembangan Volcanics,Extrusive: intermediate: lava,Volcanism: subareal,Volcanism: subareal,
Qjya,Batuan Gunungapi Jembangan,Jembangan Volcanics,Extrusive: intermediate: lava,Volcanism: subareal,Volcanism: subareal,
Qjyf,Batuan Gunungapi Jembangan,Jembangan Volcanic,Extrusive: intermediate: polymict,Volcanism: subareal,Volcanism: subareal,
Qk2,Formasi Kabuh,Kabuh Formation,Sediment: clastic: medium: sandstone,Sedimentation: littoral,Sedimentation: littoral,
Qke,Batuan gunungapi kekep,Kekep volcanics,Extrusive: intermediate: pyroclastic,Volcanism: subaerial,Volcanism: subaerial,
Qla,Aluvial dan Endapan Danau,Alluvial and Lake Deposits,Sediment: clastic: alluvium,Sedimentation: terrestrial: fluvial,Sedimentation: terrestrial: fluvial,
Qla1,Andesit Lasem,Lasem Andesite,,,,
Qlla,Lahar Lawu,Lawu Lahar,Extrusive: intermediate: polymict,Volcanism: subareal,Volcanism: subareal,
Qls2,Lava Sumbing,Sumbing Lava,Extrusive: intermediate: lava,Volcanism: subareal,Volcanism: subareal,
Qmi,Endapan Gunungapi Muda Merapi,Young volcanic deposits of Merapi,Extrusive: intermediate: pyroclastic,Volcanism: subaerial,Volcanism: subaerial,
Qmo,Endapan Gunungapi Merapi Tua,Old Volcanic Deposits of Merapi Volcano,Extrusive: intermediate: polymict,Volcanism: subaerial,Volcanism: subaerial,
Qn,Formasi Notopuro,Notopuro Formation,Extrusive: intermediate: polymict,Volcanism: subareal,Volcanism: subareal,
Qos,Batuan gunungapi tua Sundoro,Old Sundoro volanics,Extrusive: intermediate: pyroclastic,Volcanism: subaerial,Volcanism: subaerial,
Qp1,Formasi Payung,Payung Formation,Extrusive: intermediate: polymict,Volcanism: subareal,Volcanism: subareal,
Qpj1,Formasi Jongkong,Jongkong Formation,Extrusive: mafic: polymict,Volcanism: subaerial,Volcanism: subaerial,
Qpk,Formasi Kabuh,Kabuh Formation,Sediment: clastic: medium: sandstone,Sedimentation: terrestrial: fluvial,Sedimentation: terrestrial: fluvial,
Qpk2,Gunungapi Kaligesic,Kaligesic Volcanics,Extrusive: mafic: lava,Volcanism: subaerial,Volcanism: subaerial,
Qpkg,Formasi Kaligetas,Kaligetas Formation,Sediment: clastic: alluvium,Sedimentation: terrestrial: alluvial,Sedimentation: terrestrial: alluvial,
Qpl1,Lahar dan andesit porpiri,Andesite porphyry and lahar,Extrusive: intermediate: polimik,Volcanism: subareal,Volcanism: subareal,
Qpn,Formasi Notopuro,Notopuro Formation,Sediment: clastic: coarse: breccia,Volcanism: subareal,Volcanism: subareal,
Qpnv,Formasi Notopuro,Notopuro Formation,Sediment: clastic: coarse: breccia,Sedimentation: littoral,Sedimentation: terrestrial: fluvial,
Qppl,Formasi Pucangan,Pucangan Formation,Sediment: clastic: medium: sandstone,Sedimentation: littoral,Sedimentation: littoral,
Qps,Endapan Undak,Terrace deposits,Sediment: clastic: medium: sandstone,Sedimentation: terrestrial: fluvial,Sedimentation: terrestrial: fluvial,
Qsm,Batuan gunungapi Sumbing,Sumbing Volcanics,Extrusive: intermediate: lava,Volcanism: subaerial,Volcanism: subaerial,
Qsmo,Batuan gunungapi tua Sumbing,Old Sumbing Volcanics,Extrusive: intermediate: pyroclastic,Volcanism: subaerial,Volcanism: subaerial,
Qsu1,Batuan gunungapi Sundoro,Sundoro Volcanic,Extrusive: intermediate: lava,Volcanism: subaerial,Volcanism: subaerial,
Qt2,Endapan Undak,Terrace deposits,Sediment: clastic: coarse: conglomerate,Sedimentation: terrestrial: fluvial,Sedimentation: terrestrial: fluvial,
Qt3,Alluvium tua,Older Aluvium,Sediment: clastic: coarse: conglomerate,Sedimentation: terrestrial: alluvial,Sedimentation: terrestrial: alluvial,
QTd,Formasi Damar,Damar Formation,Sediment: clastic: medium: sandstone,Sedimentation: terrestrial: fluvial,Sedimentation: terrestrial: fluvial,
QTdl,Anggota Dander,Lidah Formation,Sediment: reef: limestone,Sedimentation: littoral: reef,Sedimentation: littoral: reef,
QTe,Batuan Gunungapi Telomoyo,Telemoyo Volcanics,Extrusive: intermediate: lava,Volcanism: subareal,Volcanism: subareal,
QTlb,Anggota Breksi,Ligung Formation,Extrusive: intermediate: pyroclastic,Sedimentation: terrestrial: fluvial,Sedimentation: terrestrial: fluvial,
QTlc,Anggota lempung,Ligung Formation,,,,
QTp,Formasi Pucangan,Pucangan Formation,Sediment: clastic: coarse: breccia,Sedimentation: terrestrial: fluvial,Sedimentation: terrestrial: fluvial,
QTp1,Formasi Penyatan,Penyatan Formation,,,,
QTps,Anggota Selorejo,Selerejo Formation,Sediment: clastic: limestone,Sedimentation: littoral,Sedimentation: littoral,
QTpt,Formasi Tambakromo,Tambakromo Formation,,,,
Qtr,Endapan Undak,Terrace Deposits,Sediment: clastic: coarse,Sedimentation: terrestrial: alluvial,Sedimentation: terrestrial: alluvial,
Qval,Anak Lava,Anak Lava,Extrusive: intermediate: lava,Volcanism: subareal,Volcanism: subaerial,
Qvb,Breksi gunungapi,Volcanic brecccia,Sediment: clastic: coarse: breccia,Volcanism: subaerial,Volcanism: subaerial,
Qvb6,Batuan gunungapi Lasem,Lasem Volcanic Rock,Extrusive: intermediate: lava,Volcanism: subareal,Volcanism: subareal,
Qvb7,Breksi Gunungapi,Volcanic Breccia,Sediment: clastic: coarse: breccia,Volcanism: subareal,Volcanism: subareal,
Qvbl,Lava Butak,Butak Lava,Extrusive: intermediate: lava,Volcanism: subareal,Volcanism: subareal,
Qvbt,Tuf Butak,Butak Tuff,Extrusive: intermediate: pyroclastic,Volcanism: subareal,Volcanism: subareal,
Qvcl,Lava Candradimuka,Candradimuka Lava,Extrusive: intermediate: lava,Volcanism: subareal,Volcanism: subareal,
Qvg,Batuan gunungapi genuk,Genuk Volcanic rocks,Extrusive: intermediate: lava,Volcanism: subareal,Volcanism: subareal,
Qvjb,Breksi Jobolarangan,Jobolarangan Breccia,Extrusive: intermediate: polymict,Volcanism: subareal,Volcanism: subareal,
Qvjl,Lava Jobolarangan,Jobolarangan Lava,Extrusive: intermediate: polymict,Volcanism: subareal,Volcanism: subareal,
Qvjt,Tuf Jobolarangan,Jobolarangan Tuff,Extrusive: intermediate: pyroclastic,Volcanism: subareal,Volcanism: subareal,
Qvl,Endapan Lawu,Lawu deposits,Extrusive: intermediate: polymict,Volcanism: subaerial,Volcanism: subaerial,
Qvl4,Batuan gunungapi Lawu,Lawu volcanic rock,Extrusive: intermediate: pyroclastic,Volcanism: subaerial,Volcanism: subaerial,
Qvl5,Batuan Gunungapi Lasem,Lasem Volcanic Rock,Extrusive: intermediate: lava,,,
Qvlm,Lava Muria,Muria Lava,Extrusive: felsic: lava,Volcanism: subareal,Volcanism: subareal,
Qvls,Lava G. Slamet,Lava of G. Slamet,Extrusive: intermediate: lava,Volcanism: subareal,Volcanism: subareal,
Qvm,Batuan gunungapi Tak terpisahkan,Undiffrentiated  Volcanic rocks,Extrusive: intermediate: polymict,Volcanism: subaerial,Volcanism: subaerial,
Qvsl,Lava Sidoramping,Sidoramping lava,Extrusive: intermediate: lava,Volcanism: subaerial,Volcanism: subaerial,
Qvtm,Tufa Muria,Muria Tuff,Extrusive: intermediate: pyroclastic,Volcanism: subaerial,Volcanism: subaerial,
Qvtt,Tuf Tambal,Tambal Tuff,Extrusive: intermediate: pyroclastic,Volcanism: subareal,Volcanism: subareal,
Qvu3,Batuan Gunungapi Tak Terpisahkan,Undifferentiated Volcanic Rocks,Extrusive: intermediate: polymict,Volcanism: subareal,Volcanism: subareal,
Qvw,Batuan gunungapi Wilis,Wilis Volcanic,Extrusive: intermediate: pyroclastic,Volcanism: subaerial,Volcanism: subaerial,
Teok,Formasi Karangsambung,Karangsambung Formation,Tectonite: melange,Accretion: oceanic,Accretion: oceanic,
Teon,Formasi Nanggulan,Nanggulan Formation,Sediment: clastic: medium: sandstone,Sedimentation: littoral,Sedimentation: littoral,
Tew,Formasi Wungkal,Wungkal Formation,Sediment: clastic: medium: sandstone,Sedimentation: littoral,Sedimentation: littoral,
Tma1,Andesit,Andesite,Intrusive: intermediate,Plutonism: sub-volcanic,Plutonism: sub-volcanic,
Tma2,Andesit,Andecite,Intrusive: intermediate,Plutonism: sub-volcanic,Plutonism: sub-volcanic,
Tma3,Andesit,Andesite,Intrusive: intermediate,Plutonism: sub-volcanic,Plutonism: sub-volcanic,
Tmcl,Formasi Campurdarat,Campurdarat Formation,Sediment: clastic: limestone,Sedimentation: littoral,Sedimentation: littoral,
Tmcs2,Anggota Cendono,Sampung Formation,Sediment: clastic: medium: sandstone,Sedimentation: transitional,Sedimentation: transitional,
Tmd2,Dasit,Dacite,Intrusive: felsic,Plutonism: sub-volcanic,Plutonism: sub-volcanic,
Tmi(d,Batuan Terobosan,Intursive Rocks,Intrusive: intermediate,Plutonism: sub-volcanic,Plutonism: sub-volcanic,
Tmi(m,Batuan Terobosan,Intrusive Rocks,Intrusive: intermediate,Plutonism: sub-volcanic,Plutonism: sub-volcanic,
Tmj,Formasi Jonggrangan,Jonggrangan Formation,Sediment: clastic: coarse: conglomerate,Sedimentation: transitional,Sedimentation: transitional,
Tmj3,Formasi Jaten,Jaten Formation,Sediment: clastic: medium: sandstone,Sedimentation: transitional,Sedimentation: terrestrial: fluvial,
Tmj4,Formasi Jaten,Jaten Formation,Sediment: clastic: coarse: conglomerate,Sedimentation: terrestrial: fluvial,Sedimentation: terrestrial: fluvial,
Tmk,Formasi Kerek,Kerek Formation,,,,
Tmk3,Formasi Kalipucang,Kalipucang Formation,Sediment: reef: limestone,Sedimentation: littoral: reef,Sedimentation: littoral: reef,
Tmkb,Anggota Banyak,Kalibeng Formation,Sediment: clastic: fine: marl,Sedimentation: littoral,Sedimentation: littoral,
Tmkd,Anggota Damar,Kalibeng Formation,Sediment: clastic: coarse: conglomerate,Sedimentation: littoral,Sedimentation: littoral,
Tmkk,Anggota Kapung,Kalibeng Formation,Sediment: clastic: limestone,Sedimentation: littoral,Sedimentation: littoral,
Tml1,Formasi Ledok,Ledok Formation,Sediment: clastic: medium: sandstone,Sedimentation: littoral,Sedimentation: littoral,
Tmm1,Formasi Madura,Madura Formation,Sediment: reef: limestone,Sedimentation: littoral: reef,Sedimentation: littoral: reef,
Tmn1,Formasi Nglanggran,Nglanggran Formation,Extrusive: intermediate: polymict,Volcanism: subareal,Volcanism: subareal,
Tmn2,Formasi Ngrayong,Ngrayong Formation,Sediment: clastic: medium: sandstone,Sedimentation: littoral,Sedimentation: littoral,
Tmn3,Formasi Nampol,Nampol Formation,Sediment: clastic: fine: claystone,Sedimentation: littoral,Sedimentation: littoral,
Tmn4,Formasi Nampol,Nampol Formation,Sediment: clastic: coarse: conglomerate,Sedimentation: terrestrial: fluvial,Sedimentation: terrestrial: fluvial,
Tmn5,Formasi Nampol,Nampol Formation,Sediment: clastic: medium: sandstone,Sedimentation: transitional,Sedimentation: transitional,
Tmng,Nglanggran Formation,Formasi Ngalanggran,,,,
Tmo,Formasi Oyo,Oyo Formation,Sediment: clastic: medium: sandstone,Sedimentation: littoral,Sedimentation: littoral,
Tmp2,Formasi Pasean,Pasean Formation,Sediment: clastic: fine: marl,Sedimentation: neritic,Sedimentation: neritic,
Tmp5,Formasi Rambatan,Rambatan Formation,Sediment: clastic: medium: flysch,Sedimentation: neritic,Sedimentation: neritic,
Tmp7,Formasi Penosogan,Penosogan Formation,,,,
Tmpb,Anggota Breksi,Halang Formation,Sediment: clastic: coarse: breccia,Volcanism: subareal,Volcanism: subareal,
Tmpg,Anggota lahar genting,Parang Formation,Extrusive: intermediate: polymict,Volcanism: subareal,Plutonism: batholith,
Tmpk1,Formasi Kalibeng,Kalibeng Formation,Sediment: clastic: fine: marl,Sedimentation: littoral,Sedimentation: littoral,
Tmpm1,Formasi Mundu,Mundu Formation,Sediment: clastic: fine: marl,Sedimentation: littoral,Sedimentation: littoral,
Tmps,Formasi Sentolo,Sentolo Formation,,,,
Tmpv,Formasi Parang,Parang Formation,Extrusive: intermediate: polymict,Volcanism: subareal,Volcanism: subareal,
Tmrs,Anggota Sigugur,Rambatan Formation,Sediment: reef: limestone,Sedimentation: littoral: reef,Sedimentation: littoral: reef,
Tms3,Formasi Semilir,Semilir Formation,Extrusive: intermediate: polymict,Volcanism: subareal,Volcanism: subareal,
Tmse,Formasi Semilir,Semilir Formation,,,,
Tmsl1,Formasi Sampung,Sampung Formation,Sediment: clastic: limestone,Sedimentation: littoral,Sedimentation: littoral,
Tmss,Formasi Sambipitu,Sambipitu Formation,Sediment: clastic: medium: sandstone,Sedimentation: transitional,Sedimentation: neritic,
Tmt1,Anggota Ngrayong,Tuban Formation,Sediment: clastic: fine: claystone,Sedimentation: littoral,Sedimentation: littoral,
Tmtn,Formasi Ngrayong,Ngrayong Formation,Sediment: clastic: medium: sandstone,Sedimentation: littoral,Sedimentation: littoral,
Tmw,Formasi Wonocolo,Wonocolo Formation,Sediment: clastic: fine: marl,Sedimentation: littoral,Sedimentation: terrestrial: fluvial,
Tmw1,Formasi Wuni,Wuni Formation,Sediment: clastic: coarse: breccia,,,
Tmw3,Formas Waturanda,Waturanda Formation,Sediment: clastic: medium: sandstone,Sedimentation: littoral,Sedimentation: littoral,
Tmwl,Formasi Wonosari,Wonosari Formation,Sediment: clastic: medium: limestone,Sedimentation: littoral,Sedimentation: littoral,
Tmwl1,Formasi Wonosari,Wonosari Formation,Sediment: reef: limestone,Sedimentation: littoral: reef,Sedimentation: littoral: reef,
Tmwt,Anggota tufa,Waturonda Formation,Extrusive: intermediate: pyroclastic,Volcanism: subareal,Volcanism: subareal,
Toma,Formasi Arjosari,Arjosari Formation,Sediment: clastic: coarse: breccia,Sedimentation: transitional,Sedimentation: transitional,
Tomd,Formasi Dayakan,Dayakan Formation,Sediment: clastic: medium: flysch,Sedimentation: neritic,Sedimentation: neritic,
Tomg1,Formasi Gabon,Gabon Formation,Extrusive: intermediate: polymict,Volcanism: subareal,Volcanism: subareal,
Tomi,BatuanTerobosan,Intrusive Rock,Intrusive: intermediate,Plutonism: sub-volcanic,Plutonism: sub-volcanic,
Tomi1,Batuan Terobosan,Intrusive Rocks,Intrusive: felsic,Plutonism: sub-volcanic,Plutonism: sub-volcanic,
Tomk,Formasi Kebobutak,Kebobutak Formation,Sediment: clastic: medium: flysch,Sedimentation: neritic,Sedimentation: neritic,
Tomm2,Formasi Mandalika,Mandalika Formation,Extrusive: intermediate: polymict,Volcanism: subareal,Volcanism: subareal,
Tomm3,Formasi Mandalika,Mandalika Formation,Extrusive: intermediate: lava,Volcanism: subareal,Volcanism: subareal,
Tomp1,Formasi Pelang,Pelang Formation,Sediment: clastic: fine: marl,Sedimentation: littoral,Sedimentation: littoral,
Tomt1,Formasi Totogan,Totogan Formation,Extrusive: intermediate: polymict,Volcanism: subareal,Volcanism: subareal,
Tomw,Formasi Watupatok,Watupatok Formation,Extrusive: intermediate: lava,Volcanism: submarine,Volcanism: submarine,
Tpd,Batuan Diorit,Diorite Rock,Intrusive: intermediate,Plutonism: sub-volcanic,Plutonism: sub-volcanic,
Tpdi,Diorit Pendul,Pendul diorite,Intrusive: intermediate,Plutonism: sub-volcanic,Plutonism: sub-volcanic,
Tpds,Anggota Batupasir,Damar Formation,Sediment: clastic: medium: sandstone,Sedimentation: terrestrial: fluvial,Sedimentation: terrestrial: fluvial,
Tpk1,Formasi Kalibeng,Kalibeng Formation,Sediment: clastic: fine: marl,Sedimentation: littoral,Sedimentation: littoral,
Tpk3,Formasi Kaliglagah,Kaliglagah Formation,Sediment: clastic: fine: claystone,Sedimentation: transitional,Sedimentation: terrestrial: fluvial,
Tpka,"Anggota Atas Angin, Formasi Kalibeng","Atas Angin Member, Kalibeng Formation",Sediment: clastic: medium: sandstone,Sedimentation: terrestrial: fluvial,Sedimentation: terrestrial: fluvial,
Tpkk,Anggota Klitik,Kalibeng Formation,Sediment: clastic: limestone,Sedimentation: littoral,Sedimentation: littoral,
Tpm1,Formasi Mundu,Mundu  Formation,Sediment: clastic: fine: marl,Sedimentation: neritic,Sedimentation: neritic,
Tpp,Formasi Paciran,Paciran Formation,Sediment: clastic: limestone,Sedimentation: littoral,Sedimentation: transitional,
Tpp1,Formasi Peniron,Peniron Formation,Sediment: clastic: coarse: breccia,Volcanism: subareal,Volcanism: subareal,
Tps,Formasi Selorejo,Selorejo Formation,Sediment: clastic: limestone,Sedimentation: littoral,Sedimentation: littoral,
Tpso,Formasi Sonde,Sonde Formation,Sediment: clastic: fine: claystone,Sedimentation: littoral,Sedimentation: littoral,
Tptb,Anggota Breksi,Tapak Formation,Extrusive: intermediate: polymict,Volcanism: subareal,Volcanism: subareal,
Tptl,Anggota Batugamping,Tapak Formation,Sediment: reef: limestone,Sedimentation: littoral: reef,Sedimentation: littoral: reef,
waduk,,,,,,
antic,,,,,,
Ms,,,,,,
Pp,,,,,,
Ppa,,,,,,
Qaf1,Endapan kipas Argopuro,Argopuro fan deposits,Extrusive: intermediate: pyroclastic,Volcanism: subaerial,Volcanism: subaerial,
Qar,Formasi Arjasa,Arjasa Formation,Sediment: clastic: medium: sandstone,Sedimentation: transitional,Sedimentation: transitional,
Qas,Swamp and River Deposits,Swamp and River Deposits,Sediment: clastic: medium: sandstone,Sedimentation: terrestrial: fluvial,Sedimentation: terrestrial: fluvial,
Qbs,Lempung Tufaan,Tuffaceous Clay,Sediment: clastic: fine: claystone,Sedimentation: terrestrial: alluvial,Sedimentation: terrestrial: alluvial,
Qd,,,,,,
Qhk,Batugamping Koral,Coralline Limestone,Sediment: reef: limestone,Sedimentation: littoral,Sedimentation: littoral,
Qhsb,Formasi Bagor,Bagor Formation,Sediment: clastic: coarse: breccia,Volcanism: subareal,Volcanism: subareal,
Qhv1,"Batuan Gunungapi Raung, Pendil","Raung, Pendil volcanic Rock",Extrusive: intermediate: polymict,Volcanism: subareal,Volcanism: subareal,
Qhvb,Batuan Gunungapi Baluran,Baluran Volcanic Rocks,Extrusive: mafic: lava,Volcanism: subareal,Volcanism: subareal,
Qhvi,Batuan Gunungapi Muda Ijen,Young Ijen volcanic rocks,Extrusive: mafic: lava,Volcanism: subaerial,Volcanism: subaerial,
Qi,Batuan Intrusive,Intrusive Rock,,,,
Qjk,Morphonit Klotok,Klotok Morphonit,Extrusive: intermediate: polymict,Volcanism: subaerial,Volcanism: subaerial,
Qlk,Lava puncak Katu,Lava of Katu cone,Extrusive: intermediate: lava,Volcanism: subaerial,Volcanism: subaerial,
Qlk1,Lava andesit parasit,Parasite andesitic lava,Extrusive: intermediate: lava,Volcanism: subareal,Volcanism: subareal,
Qlks,Lava Parasite Kepolo G. Semeru,Lava of Kepolo Semeru Parasite,Extrusive: intermediate: lava,Volcanism: subaerial,Volcanism: subaerial,
Qls3,Lava Parasite G. Semeru,Lava of Semeru Parasite,Extrusive: intermediate: lava,Volcanism: subaerial,Volcanism: subaerial,
Qlv,Endapan Ladu dari Rempah G.api,Avalanche Deposits From Nue Ardente,Extrusive: intermediate: polymict,Volcanism: subareal,Volcanism: subareal,
Qp,,,,,,
Qpat,Batuan gunungapi tua Anjasmara,Old anjasmara volcanic,Extrusive: intermediate: polymict,Volcanism: subaerial,Volcanism: subaerial,
Qpb,Basal Porfiri,Basalt Porphyr,Intrusive: mafic,Volcanism: subaerial,Volcanism: subaerial,
Qpd1,Diorit,Diorite,Intrusive: intermediate,Plutonism: sub-volcanic,Plutonism: sub-volcanic,
Qpg2,Gajah mungkur morponit,Gajah mungkur morphonit,Extrusive: intermediate: lava,Volcanism: subaerial,Volcanism: subaerial,
Qpj,Formasi Jombang,Jombang  Formation,Sediment: clastic: coarse: breccia,Volcanism: subareal,Volcanism: subareal,
Qpk1,Formasi Kalipucang,Kalipucang Formation,Sediment: clastic: coarse: conglomerate,Sedimentation: terrestrial: fluvial,Sedimentation: terrestrial: fluvial,
Qpkb,Batuan gunungapi Kawi-butak,Kawi-Butak Volcanics,Extrusive: intermediate: polymict,Volcanism: subaerial,Volcanism: subaerial,
Qpl,Batugamping Terumbu,Reef Limestone,Sediment: reef: limestone,Sedimentation: littoral: reef,Sedimentation: littoral: reef,
Qpp,Formasi Pamekasan,Pamekasan Formation,Sediment: clastic: limestone,Sedimentation: littoral,Sedimentation: littoral,
Qpp1,Formasi Pucangan,Pucangan Formation,Sediment: clastic: fine: claystone,Sedimentation: littoral,Sedimentation: littoral,
Qpt,Trakit,Trachite,Intrusive: mafic,Plutonism: sub-volcanic,Plutonism: sub-volcanic,
Qpv2,Breksi Pandan,Pandan Breccia,Extrusive: intermediate: polymict,Volcanism: subareal,Volcanism: subareal,
Qpva,Gunungapi muda Anjasmara,Young Anjasmara volcanics,Extrusive: intermediate: polymict,Volcanism: subaerial,Volcanism: subaerial,
Qpva1,Batuan Gunungapi Argapuro,Argapuro Volcanics,Extrusive: intermediate: polymict,Volcanism: subareal,Volcanism: subareal,
Qpvb1,Endapan G. api Buring,Volcanic Deposits of Buring,Extrusive: mafic: lava,Volcanism: subareal,Volcanism: subareal,
Qpvi,Batuan gunungapi tua Ijen,Old Ijen volcanic rock,Extrusive: intermediate: polymict,Volcanism: subaerial,Volcanism: subaerial,
Qpvk,Batuan Gunungapi Tua Kelud,Old Kelud Volcanic,Extrusive: intermediate: lava,Volcanism: subaerial,Volcanism: subaerial,
Qpvk2,Batuan Gunungapi Kemuning,Volcanic Rock of Kemuning,Extrusive: intermediate: lava,Volcanism: subareal,Volcanism: subareal,
Qpvp,Batuan gunungapi Marikeng,Volcanic rock Marikeng,Intrusive: intermediate,Plutonism: sub-volcanic,Plutonism: sub-volcanic,
Qpw,Formasi Welang,Welang formation,Sediment: clastic: medium: sandstone,Sedimentation: terrestrial: alluvial,Sedimentation: terrestrial: alluvial,
Qt5,Endapan Teras,Terrace Deposits,Sediment: clastic: alluvium,Sedimentation: terrestrial: alluvial,Sedimentation: terrestrial: alluvial,
QTr,Formasi Ringgit,Ringgit Formation,Extrusive: intermediate: lava,Volcanism: subaerial,Volcanism: subaerial,
Qtt,Rombakan Cemara Tiga,Cemara Tiga Debris,Sediment: clastic: coarse: breccia,,,
Qv,"Batuan gunungapi Merapi, Rante","Rante, Merapi volcanic rock",Extrusive: intermediate: polymict,Volcanism: subaerial,Volcanism: subaerial,
Qv4,Batuan Gunungapi Balibak,Balibak Volcanic Rock,Extrusive: intermediate: lava,Volcanism: subaerial,Volcanism: subaerial,
Qv5,Batuan Gunungapi Kuarter Atas,Upper Quarternary Volcanics,Extrusive: intermediate: polymict,Volcanism: subareal,Volcanism: subareal,
Qvat,Tuff Argopuro,Argopuro Tuff,Extrusive: intermediate: pyroclastic,Volcanism: subareal,Volcanism: subareal,
Qvaw,Batuan Gunungapi Arjuna-Welirang,Arjuna-Welirang Volcanics,Extrusive: intermediate: polymict,Volcanism: subareal,Volcanism: subareal,
Qvb5,Batuan Gunungapi Bromo,Bromo Volcanic,Extrusive: intermediate: polymict,Volcanism: subareal,Volcanism: subareal,
Qvj,Endapan Gunungapi Jembangan,Volcanic deposits of Jembangan,Extrusive: mafic: lava,Volcanism: subaerial,Volcanism: subaerial,
Qvk4,Gunungapi Muda Kelud,Young Kelud volcanic,Extrusive: intermediate: polymict,Volcanism: subaerial,Volcanism: subaerial,
Qvk5,Endapan Gunungapi Kepolo,Volcanic Deposits of Kepolo,Extrusive: intermediate: lava,Volcanism: subareal,Volcanism: subareal,
Qvl3,Batuan Gunungapi Lamongan,Lamongan Volcanic Rock,Extrusive: intermediate: polymict,Volcanism: subaerial,Volcanism: subaerial,
Qvlh,Endapan Lahar,Laharic Deposits,Extrusive: intermediate: polymict,Volcanism: subareal,Volcanism: subareal,
Qvp,Batuan gunungapi Pandak,Pandak Volcanic rock,Extrusive: intermediate: polymict,Volcanism: subaerial,Volcanism: subaerial,
Qvs,Pasir gunungapi Tengger,Tengger Volcanic Sands,Extrusive: intermediate: pyroclastic,Volcanism: subaerial,Volcanism: subaerial,
Qvs2,Endapan Gunungapi Semeru,Volcanic deposits od Semeru,Extrusive: intermediate: lava,Volcanism: subaerial,Volcanism: subaerial,
Qvs3,Batuan gunungapi Gumuk,Volcanic Remnants,Extrusive: intermediate: polymict,Volcanism: subaerial,Volcanism: subaerial,
Qvs4,Lahar Raung Tua,Lahar of Old Raung,Extrusive: intermediate: polymict,Volcanism: subaerial,Volcanism: subaerial,
Qvt2,Batuan Gunungapi Tengger,Tengger Volcanic Rocks,Extrusive: intermediate: pyroclastic,Volcanism: subaerial,Volcanism: subaerial,
Qvtm1,Tuf Malang,Malang Tuff,Extrusive: intermediate: pyroclastic,Volcanism: subareal,Volcanism: subareal,
Qvtr,Tuff Rabano,Rabano tuff,Extrusive: intermediate: pyroclastic,Volcanism: subareal,Volcanism: subareal,
Rawa,,,,,,
Tmi,Batuan Terobosan,Intrusive Rocks,Intrusive: intermediate,Plutonism: sub-volcanic,Plutonism: sub-volcanic,
Tmi3,"Andesit, Granodiorit","Andesite, Granodiorite",Intrusive: felsic,Plutonism: sub-volcanic,Plutonism: sub-volcanic,
Tmid,Batuan Terobosan,Intrusive Rock,Intrusive: intermediate,Plutonism: sub-volcanic,Plutonism: sub-volcanic,
Tmj2,Formasi Jukong-Jukong,Jukong-jukong Formation,Sediment: clastic: medium: limestone,Sedimentation: neritic,Sedimentation: neritic,
Tml4,Anggota Batugamping,Merubetiri Formation,Sediment: clastic: medium: limestone,Sedimentation: littoral,Sedimentation: littoral,
Tml5,,,,,,
Tmm,Formasi Mandiku,Mandiku Formation,Extrusive: intermediate: polymict,Volcanism: subareal,Volcanism: subareal,
Tmp4,Formasi Puger,Puger Formation,Sediment: reef: limestone,Sedimentation: littoral: reef,Sedimentation: littoral: reef,
Tmpb3,Formasi Brakas,Brakas Formation,Sediment: clastic: limestone,Sedimentation: littoral,Sedimentation: littoral,
Tmpm,Formasi Menuran,Menuran Formation,,,,
Tmps1,Batupasir Kepongan,Kepongan Sandstone,Sediment: clastic: medium: sandstone,Sedimentation: littoral,Sedimentation: transitional,
Tmt2,Formasi Tawun,Tawun Formation,Sediment: clastic: fine: claystone,Sedimentation: littoral,Sedimentation: littoral,
Tmt3,Formasi Tuban,Tuban Formation,Sediment: clastic: fine: siltstone,Sedimentation: littoral,Sedimentation: littoral,
Tmtl1,Anggota Bawah,Tuban Formation,Sediment: clastic: fine: mudstone,Sedimentation: littoral,Sedimentation: littoral,
Tmw2,Formasi Waturondo,Waturondo Formation,Extrusive: intermediate: polymict,Volcanism: submarine,Volcanism: submarine,
Toc,Formasi Cangkaraman,Cangkaraman Formation,Sediment: clastic: fine: marl,Sedimentation: neritic,Sedimentation: neritic,
Tomb,Formasi Batuampar,Batuampar Formation,Extrusive: intermediate: polymict,Volcanism: subaerial,Volcanism: subaerial,
Tomb1,Formasi Batuampar,Batuampar Formation,Sediment: clastic: medium: sandstone,Sedimentation: littoral,Sedimentation: littoral,
Tomkm,Anggota Napal,Kujang Formation,Sediment: clastic: fine: marl,Sedimentation: littoral,Sedimentation: littoral,
Toml1,Batugamping Gelam,Gelam Limestone,Sediment: reef: limestone,Sedimentation: littoral: reef,Sedimentation: littoral: reef,
Tomm1,Anggota tengah,Kujung Formation,Sediment: clastic: fine: claystone,Sedimentation: littoral,Sedimentation: littoral,
Tomm4,Formasi Merubetiri,Merubetiri Formation,Extrusive: intermediate: polymict,Volcanism: subareal,Volcanism: subareal,
Tomp,Anggota Batugamping Prupuh,Kunjung Formation,Sediment: clastic: medium: limestone,Sedimentation: littoral,Sedimentation: littoral,
Toms,Formasi Sukamade,Sukamade Formation,Sediment: clastic: fine: claystone,Sedimentation: neritic,Sedimentation: neritic,
Tomt,Anggota tufa,Mandalika Formation,Extrusive: intermediate: pyroclastic,Volcanism: subareal,Volcanism: subareal,
Tomt2,Formasi Tembayangan,Tembayangan Formation,Sediment: clastic: limestone,Sedimentation: littoral,Sedimentation: transitional,
Tomu,Anggota Atas Formasi Kunjung,Kunjung Formation Upper Member,Sediment: clastic: medium: flysch,Sedimentation: littoral,Sedimentation: littoral,
Tpk2,Formasi Klitik,Klitik Formation,Sediment: reef: limestone,Sedimentation: littoral: reef,Sedimentation: littoral: reef,
Tpl1,Formasi Leprak,Leprak Formation,Sediment: clastic: medium: sandstone,Sedimentation: transitional,Sedimentation: transitional,
Tpm2,Formasi Madura,Madura Formation,Sediment: reef: limestone,Sedimentation: littoral: reef,Sedimentation: littoral: reef,
Tps1,Formasi Sonde,Sonde Formation,Sediment: clastic: fine: marl,Sedimentation: neritic,Sedimentation: neritic,
Msl,,,,,,
Mu,,,,,,
Pa,,,,,,
Qbb,,,,,,
Qsv,,,,,,
Qva,,,,,,
Qvc,,,,,,
Qve,,,,,,
